sample,qnet,inal_auc,ical_auc,apd90,apd50,apd_tri,cad90,cad50,cad_tri,dvmdt_repol,vm_peak,vm_valley,vm_dia,ca_peak,ca_valley,ca_dia
0,0.045435,-80.047181,-101.173830,288.998001,235.607001,53.391000,460.000001,240.000001,220.000000,-0.383837,40.234218,-87.932565,-87.932565,0.000457,0.000079,0.000079
sample,qnet,inal_auc,ical_auc,apd90,apd50,apd_tri,cad90,cad50,cad_tri,dvmdt_repol,vm_peak,vm_valley,vm_dia,ca_peak,ca_valley,ca_dia
0,0.045124,-79.656855,-102.086332,289.299001,236.301001,52.998000,459.000001,250.000001,209.000000,-0.395491,40.424192,-87.696754,-87.696754,0.000371,0.000074,0.000074
